Forum Samoa 2,Forum Sam2
Vega Gotland,Vega Gotl
Astrolabe,Astrolabe
Wellington Express,WellExpres
Aurora Australis,AuroraAust
Aurora Australis,AuroraAust
Aurora Australis,AuroraAust
Aurora Australis,AuroraAust
AURORA AUSTRALIS,AuroraAust
Forum Samoa 2,Forum Sam2
FORUM SAMOA 2,Forum Sam2
Baruna Jaya I,BJayaI
Baruna Jaya I,BJayaI
Baruna Jaya I,BJayaI
RV BARUNA JAYA VIII,BJVIII
L'Astrolabe,Astrolabe
Adelaide Express,Adelaide E
Southern Surveyor,SouthernS
MSC Hobart,MSC Hobart
CAPITAINE TASMAN,CAP TASMAN
M/S CORAL CHIEF,CoralChief
L'ASTROLABE,Astrolabe
FLORENCE,Florence
HMAS MELBOURNE,HMASMelbou
HMAS TOOWOOMBA,HMASToowoo
HMAS SYDNEY,HMASSydney
HMAS STUART,HMASStuart
HMAS ANZAC,HMASAnzac
HMAS ARUNTA,HMASArunta
HMAS BALLARAT,HMASBallar
HMAS BRISBANE,HMASBrisba
HMAS DARWIN,HMASDarwin
HMAS NEWCASTLE,HMASNewcas
HMAS PARRAMATA,HMASParram
HMAS PERTH,HMASPerth
HMAS WARRAMUNGA,HMASWarram
HMAS LEEWIN,HMASLeewin
HMAS MELVILLE,HMASMelvil
MSC BUXLINK,Buxlink
BUXLINK,Buxlink
R/V Roger Revelle,Roger Rev
CORAL ISLANDER 2,Secargo
PACIFIC ISLANDER 2,PacificIsl
SOUTH ISLANDER,South
TROPICAL ISLANDER,Tropical
CONTI HARMONY,ContiHarmo
SCHELDE TRADER,ScheldeTra
M.V. Wana Bhum,wana bhum
Lowlands Prosperity,lowlands
SOFRANA SURVILLE,SofranaSur
Merkur Sky,MerkurSky
PACIFIC GAS,PacificGas
SOUTHERN SURVEYOR,SouthernSu
ANL Benalla,ANLBenalla
CHENAN,Chenean
Akademik Shokalskiy,AkademShok
Akademik Shokalskiy,AkadShokal
Akademik Shokalskiy,AkadShokal
SHENGKING,Shengking
Pacific Triangle,PacificTri
Baruna Jaya VIII,BarunaJaya
bj8,BarunaJaya
Southern Survey,SouthernS
Urania,Urania    
Capitaine Fearn,CapitFearn
Investigator,Investigat
FALKOR,Falkor
Manila Express,ManilaExps
Swan River Bridge,SwanRiverB
Patricia Schulte,PatriciaS
SIANGTAN,Siangtan
Maersk Jalan,MaerskJala
HMAS Benalla,HMASBenall
